{
"lengthUnit": "mil",
"components": {
	"fields": ["COMPONENT_NO", "COMPONENT_NAME", "LAYER", "X_COORDINATE", "Y_COORDINATE", "ANGLE"],
	"rows": [
		[1, "CN1", "T", 1815, -1085, 0],
		[2, "H7", "T", 684.53, -2221.85, 90],
		[3, "H8", "T", 690, -2750, 90],
		[4, "H9", "T", 820, -3265, 0],
		[5, "H11", "T", 1500, -3255, 0],
		[6, "H12", "T", 1815, -1390, 180],
		[7, "H13", "T", 1815, -1628.33, 180],
		[8, "H14", "T", 1815, -1871.67, 180],
		[9, "H15", "T", 1815, -2100, 180],
		[10, "H16", "T", 1245, -2110, 180],
		[11, "P2", "T", 250, -495, 270],
		[12, "P3", "T", 1030, -2650, 270],
		[13, "P4", "T", 1730, -2650, 270],
		[14, "SW2", "T", 715, -480, 90],
		[15, "U1", "T", 1495, -505, 0],
		[16, "U2", "T", 1945, -3185, 270],
		[17, "U4", "B", 2150, -3370, 180],
		[18, "U18", "T", 1110, -1475, 270],
		[19, "USB", "T", 2205, -460, 90]
	]
},
"pins": {
	"fields": ["PIN_NO", "PIN_NAME", "PIN_X", "PIN_Y", "LAYER", "PIN_TYPE", "NET_NAME", "NET_TYPE", "PAD_SHAPE", "PAD_SIZEX", "PAD_SIZEY", "HOLE_SIZE", "PAD_ANGLE"],
	"rows": [
		[1, "CN1_1", 1715, -1085, "T", "DIP", "5V", "", "R", 62, 62, 40.16, 0],
		[2, "CN1_1", 1715, -1085, "B", "DIP", "5V", "", "R", 62, 62, 40.16, 0],
		[3, "CN1_2", 1815, -1085, "T", "DIP", "DQ", "", "C", 62, 62, 40.16, 0],
		[4, "CN1_2", 1815, -1085, "B", "DIP", "DQ", "", "C", 62, 62, 40.16, 0],
		[5, "CN1_3", 1915, -1085, "T", "DIP", "GND", "GND", "C", 62, 62, 40.16, 0],
		[6, "CN1_3", 1915, -1085, "B", "DIP", "GND", "GND", "C", 62, 62, 40.16, 0],
		[7, "H7_1", 684.53, -2371.85, "T", "DIP", "5V", "", "R", 62, 62, 35, 90],
		[8, "H7_1", 684.53, -2371.85, "B", "DIP", "5V", "", "R", 62, 62, 35, 90],
		[9, "H7_2", 684.53, -2271.85, "T", "DIP", "RX2", "", "C", 62, 62, 35, 90],
		[10, "H7_2", 684.53, -2271.85, "B", "DIP", "RX2", "", "C", 62, 62, 35, 90],
		[11, "H7_3", 684.53, -2171.85, "T", "DIP", "TX2", "", "C", 62, 62, 35, 90],
		[12, "H7_3", 684.53, -2171.85, "B", "DIP", "TX2", "", "C", 62, 62, 35, 90],
		[13, "H7_4", 684.53, -2071.85, "T", "DIP", "GND", "GND", "C", 62, 62, 35, 90],
		[14, "H7_4", 684.53, -2071.85, "B", "DIP", "GND", "GND", "C", 62, 62, 35, 90],
		[15, "H8_1", 690, -2899.52, "T", "DIP", "5V", "", "R", 62, 62, 35, 90],
		[16, "H8_1", 690, -2899.52, "B", "DIP", "5V", "", "R", 62, 62, 35, 90],
		[17, "H8_2", 690, -2799.52, "T", "DIP", "RX4", "", "C", 62, 62, 35, 90],
		[18, "H8_2", 690, -2799.52, "B", "DIP", "RX4", "", "C", 62, 62, 35, 90],
		[19, "H8_3", 690, -2699.52, "T", "DIP", "TX4", "", "C", 62, 62, 35, 90],
		[20, "H8_3", 690, -2699.52, "B", "DIP", "TX4", "", "C", 62, 62, 35, 90],
		[21, "H8_4", 690, -2599.52, "T", "DIP", "GND", "GND", "C", 62, 62, 35, 90],
		[22, "H8_4", 690, -2599.52, "B", "DIP", "GND", "GND", "C", 62, 62, 35, 90],
		[23, "H9_1", 670.48, -3265, "T", "DIP", "3.3V", "", "R", 62, 62, 35, 0],
		[24, "H9_1", 670.48, -3265, "B", "DIP", "3.3V", "", "R", 62, 62, 35, 0],
		[25, "H9_2", 770.48, -3265, "T", "DIP", "RX5", "", "C", 62, 62, 35, 0],
		[26, "H9_2", 770.48, -3265, "B", "DIP", "RX5", "", "C", 62, 62, 35, 0],
		[27, "H9_3", 870.48, -3265, "T", "DIP", "TX5", "", "C", 62, 62, 35, 0],
		[28, "H9_3", 870.48, -3265, "B", "DIP", "TX5", "", "C", 62, 62, 35, 0],
		[29, "H9_4", 970.48, -3265, "T", "DIP", "GND", "GND", "C", 62, 62, 35, 0],
		[30, "H9_4", 970.48, -3265, "B", "DIP", "GND", "GND", "C", 62, 62, 35, 0],
		[31, "H11_1", 1400, -3255, "T", "DIP", "5V", "", "R", 66.93, 66.93, 43.31, 0],
		[32, "H11_1", 1400, -3255, "B", "DIP", "5V", "", "R", 66.93, 66.93, 43.31, 0],
		[33, "H11_2", 1500, -3255, "T", "DIP", "AIN0", "", "C", 66.93, 66.93, 43.31, 0],
		[34, "H11_2", 1500, -3255, "B", "DIP", "AIN0", "", "C", 66.93, 66.93, 43.31, 0],
		[35, "H11_3", 1600, -3255, "T", "DIP", "GND", "GND", "C", 66.93, 66.93, 43.31, 0],
		[36, "H11_3", 1600, -3255, "B", "DIP", "GND", "GND", "C", 66.93, 66.93, 43.31, 0],
		[37, "H12_1", 1915, -1390, "T", "DIP", "SEVRO1", "", "R", 66.93, 66.93, 43.31, 180],
		[38, "H12_1", 1915, -1390, "B", "DIP", "SEVRO1", "", "R", 66.93, 66.93, 43.31, 180],
		[39, "H12_2", 1815, -1390, "T", "DIP", "8V", "", "C", 66.93, 66.93, 43.31, 180],
		[40, "H12_2", 1815, -1390, "B", "DIP", "8V", "", "C", 66.93, 66.93, 43.31, 180],
		[41, "H12_3", 1715, -1390, "T", "DIP", "GND", "GND", "C", 66.93, 66.93, 43.31, 180],
		[42, "H12_3", 1715, -1390, "B", "DIP", "GND", "GND", "C", 66.93, 66.93, 43.31, 180],
		[43, "H13_1", 1915, -1628.33, "T", "DIP", "SEVRO2", "", "R", 66.93, 66.93, 43.31, 180],
		[44, "H13_1", 1915, -1628.33, "B", "DIP", "SEVRO2", "", "R", 66.93, 66.93, 43.31, 180],
		[45, "H13_2", 1815, -1628.33, "T", "DIP", "8V", "", "C", 66.93, 66.93, 43.31, 180],
		[46, "H13_2", 1815, -1628.33, "B", "DIP", "8V", "", "C", 66.93, 66.93, 43.31, 180],
		[47, "H13_3", 1715, -1628.33, "T", "DIP", "GND", "GND", "C", 66.93, 66.93, 43.31, 180],
		[48, "H13_3", 1715, -1628.33, "B", "DIP", "GND", "GND", "C", 66.93, 66.93, 43.31, 180],
		[49, "H14_1", 1915, -1871.67, "T", "DIP", "SEVRO3", "", "R", 66.93, 66.93, 43.31, 180],
		[50, "H14_1", 1915, -1871.67, "B", "DIP", "SEVRO3", "", "R", 66.93, 66.93, 43.31, 180],
		[51, "H14_2", 1815, -1871.67, "T", "DIP", "8V", "", "C", 66.93, 66.93, 43.31, 180],
		[52, "H14_2", 1815, -1871.67, "B", "DIP", "8V", "", "C", 66.93, 66.93, 43.31, 180],
		[53, "H14_3", 1715, -1871.67, "T", "DIP", "GND", "GND", "C", 66.93, 66.93, 43.31, 180],
		[54, "H14_3", 1715, -1871.67, "B", "DIP", "GND", "GND", "C", 66.93, 66.93, 43.31, 180],
		[55, "H15_1", 1915, -2100, "T", "DIP", "SEVRO4", "", "R", 66.93, 66.93, 43.31, 180],
		[56, "H15_1", 1915, -2100, "B", "DIP", "SEVRO4", "", "R", 66.93, 66.93, 43.31, 180],
		[57, "H15_2", 1815, -2100, "T", "DIP", "8V", "", "C", 66.93, 66.93, 43.31, 180],
		[58, "H15_2", 1815, -2100, "B", "DIP", "8V", "", "C", 66.93, 66.93, 43.31, 180],
		[59, "H15_3", 1715, -2100, "T", "DIP", "GND", "GND", "C", 66.93, 66.93, 43.31, 180],
		[60, "H15_3", 1715, -2100, "B", "DIP", "GND", "GND", "C", 66.93, 66.93, 43.31, 180],
		[61, "H16_1", 1445, -2110, "T", "DIP", "5V", "", "R", 62, 62, 40.16, 180],
		[62, "H16_1", 1445, -2110, "B", "DIP", "5V", "", "R", 62, 62, 40.16, 180],
		[63, "H16_2", 1345, -2110, "T", "DIP", "GND", "GND", "C", 62, 62, 40.16, 180],
		[64, "H16_2", 1345, -2110, "B", "DIP", "GND", "GND", "C", 62, 62, 40.16, 180],
		[65, "H16_3", 1245, -2110, "T", "DIP", "RX3", "", "C", 62, 62, 40.16, 180],
		[66, "H16_3", 1245, -2110, "B", "DIP", "RX3", "", "C", 62, 62, 40.16, 180],
		[67, "H16_4", 1145, -2110, "T", "DIP", "TX3", "", "C", 62, 62, 40.16, 180],
		[68, "H16_4", 1145, -2110, "B", "DIP", "TX3", "", "C", 62, 62, 40.16, 180],
		[69, "H16_5", 1045, -2110, "T", "DIP", "PPS", "", "C", 62, 62, 40.16, 180],
		[70, "H16_5", 1045, -2110, "B", "DIP", "PPS", "", "C", 62, 62, 40.16, 180],
		[71, "P2_1", 250, -396.4, "T", "DIP", "IN12V", "", "C", 78.74, 78.74, 51.18, 270],
		[72, "P2_1", 250, -396.4, "B", "DIP", "IN12V", "", "C", 78.74, 78.74, 51.18, 270],
		[73, "P2_2", 250, -593.6, "T", "DIP", "GND", "GND", "C", 78.74, 78.74, 51.18, 270],
		[74, "P2_2", 250, -593.6, "B", "DIP", "GND", "GND", "C", 78.74, 78.74, 51.18, 270],
		[75, "P3_1", 1030, -2300, "T", "DIP", "DRDY", "", "R", 70.87, 70.87, 47.24, 270],
		[76, "P3_1", 1030, -2300, "B", "DIP", "DRDY", "", "R", 70.87, 70.87, 47.24, 270],
		[77, "P3_2", 1030, -2400, "T", "DIP", "MISO", "", "C", 70.87, 70.87, 47.24, 270],
		[78, "P3_2", 1030, -2400, "B", "DIP", "MISO", "", "C", 70.87, 70.87, 47.24, 270],
		[79, "P3_3", 1030, -2500, "T", "DIP", "MOSI", "", "C", 70.87, 70.87, 47.24, 270],
		[80, "P3_3", 1030, -2500, "B", "DIP", "MOSI", "", "C", 70.87, 70.87, 47.24, 270],
		[81, "P3_4", 1030, -2600, "T", "DIP", "SCLK", "", "C", 70.87, 70.87, 47.24, 270],
		[82, "P3_4", 1030, -2600, "B", "DIP", "SCLK", "", "C", 70.87, 70.87, 47.24, 270],
		[83, "P3_5", 1030, -2700, "T", "DIP", "CS", "", "C", 70.87, 70.87, 47.24, 270],
		[84, "P3_5", 1030, -2700, "B", "DIP", "CS", "", "C", 70.87, 70.87, 47.24, 270],
		[85, "P3_6", 1030, -2800, "T", "DIP", "CLK", "", "C", 70.87, 70.87, 47.24, 270],
		[86, "P3_6", 1030, -2800, "B", "DIP", "CLK", "", "C", 70.87, 70.87, 47.24, 270],
		[87, "P3_7", 1030, -2900, "T", "DIP", "5V", "", "C", 70.87, 70.87, 47.24, 270],
		[88, "P3_7", 1030, -2900, "B", "DIP", "5V", "", "C", 70.87, 70.87, 47.24, 270],
		[89, "P3_8", 1030, -3000, "T", "DIP", "GND", "GND", "C", 70.87, 70.87, 47.24, 270],
		[90, "P3_8", 1030, -3000, "B", "DIP", "GND", "GND", "C", 70.87, 70.87, 47.24, 270],
		[91, "P4_1", 1730, -2300, "T", "DIP", "AIN0", "", "R", 70.87, 70.87, 47.24, 270],
		[92, "P4_1", 1730, -2300, "B", "DIP", "AIN0", "", "R", 70.87, 70.87, 47.24, 270],
		[93, "P4_2", 1730, -2400, "T", "DIP", "AIN1", "", "C", 70.87, 70.87, 47.24, 270],
		[94, "P4_2", 1730, -2400, "B", "DIP", "AIN1", "", "C", 70.87, 70.87, 47.24, 270],
		[95, "P4_3", 1730, -2500, "T", "DIP", "AIN2", "", "C", 70.87, 70.87, 47.24, 270],
		[96, "P4_3", 1730, -2500, "B", "DIP", "AIN2", "", "C", 70.87, 70.87, 47.24, 270],
		[97, "P4_4", 1730, -2600, "T", "DIP", "AIN3", "", "C", 70.87, 70.87, 47.24, 270],
		[98, "P4_4", 1730, -2600, "B", "DIP", "AIN3", "", "C", 70.87, 70.87, 47.24, 270],
		[99, "P4_5", 1730, -2700, "T", "DIP", "GND", "GND", "C", 70.87, 70.87, 47.24, 270],
		[100, "P4_5", 1730, -2700, "B", "DIP", "GND", "GND", "C", 70.87, 70.87, 47.24, 270],
		[101, "P4_6", 1730, -2800, "T", "DIP", "5V", "", "C", 70.87, 70.87, 47.24, 270],
		[102, "P4_6", 1730, -2800, "B", "DIP", "5V", "", "C", 70.87, 70.87, 47.24, 270],
		[103, "P4_7", 1730, -2900, "T", "DIP", "AVDD", "", "C", 70.87, 70.87, 47.24, 270],
		[104, "P4_7", 1730, -2900, "B", "DIP", "AVDD", "", "C", 70.87, 70.87, 47.24, 270],
		[105, "P4_8", 1730, -3000, "T", "DIP", "AGND", "", "C", 70.87, 70.87, 47.24, 270],
		[106, "P4_8", 1730, -3000, "B", "DIP", "AGND", "", "C", 70.87, 70.87, 47.24, 270],
		[107, "SW2_1", 715, -598.11, "T", "DIP", "SW2_1", "", "C", 70.87, 70.87, 51.18, 90],
		[108, "SW2_1", 715, -598.11, "B", "DIP", "SW2_1", "", "C", 70.87, 70.87, 51.18, 90],
		[109, "SW2_2", 715, -480, "T", "DIP", "IN12V", "", "C", 70.87, 70.87, 51.18, 90],
		[110, "SW2_2", 715, -480, "B", "DIP", "IN12V", "", "C", 70.87, 70.87, 51.18, 90],
		[111, "SW2_3", 715, -361.89, "T", "DIP", "12V", "", "C", 70.87, 70.87, 51.18, 90],
		[112, "SW2_3", 715, -361.89, "B", "DIP", "12V", "", "C", 70.87, 70.87, 51.18, 90],
		[113, "SW2_4", 715, -251.65, "T", "DIP", "SW2_4", "", "O", 98.42, 59.05, 70.87, 180],
		[114, "SW2_4", 715, -251.65, "B", "DIP", "SW2_4", "", "O", 98.42, 59.05, 70.87, 180],
		[115, "SW2_5", 715, -708.35, "T", "DIP", "SW2_5", "", "O", 98.42, 59.05, 70.87, 180],
		[116, "SW2_5", 715, -708.35, "B", "DIP", "SW2_5", "", "O", 98.42, 59.05, 70.87, 180],
		[117, "U1_1", 1882.79, -746.12, "T", "SMD", "8V", "", "R", 170, 75, 0, 180],
		[118, "U1_2", 1882.79, -647.7, "T", "SMD", "8V", "", "R", 170, 75, 0, 180],
		[119, "U1_3", 1882.79, -352.42, "T", "SMD", "GND", "GND", "R", 170, 75, 0, 180],
		[120, "U1_4", 1882.79, -254, "T", "SMD", "GND", "GND", "R", 170, 75, 0, 180],
		[121, "U1_5", 1107.2, -746.12, "T", "SMD", "12V", "", "R", 170, 75, 0, 180],
		[122, "U1_6", 1107.2, -647.7, "T", "SMD", "12V", "", "R", 170, 75, 0, 180],
		[123, "U1_7", 1107.2, -352.42, "T", "SMD", "GND", "GND", "R", 170, 75, 0, 180],
		[124, "U1_8", 1107.2, -254, "T", "SMD", "GND", "GND", "R", 170, 75, 0, 180],
		[125, "U2_1", 1945, -3035, "T", "DIP", "SCL", "", "R", 66.93, 66.93, 43.31, 270],
		[126, "U2_1", 1945, -3035, "B", "DIP", "SCL", "", "R", 66.93, 66.93, 43.31, 270],
		[127, "U2_2", 1945, -3135, "T", "DIP", "SDA", "", "C", 66.93, 66.93, 43.31, 270],
		[128, "U2_2", 1945, -3135, "B", "DIP", "SDA", "", "C", 66.93, 66.93, 43.31, 270],
		[129, "U2_3", 1945, -3235, "T", "DIP", "GND", "GND", "C", 66.93, 66.93, 43.31, 270],
		[130, "U2_3", 1945, -3235, "B", "DIP", "GND", "GND", "C", 66.93, 66.93, 43.31, 270],
		[131, "U2_4", 1945, -3335, "T", "DIP", "5V", "", "C", 66.93, 66.93, 43.31, 270],
		[132, "U2_4", 1945, -3335, "B", "DIP", "5V", "", "C", 66.93, 66.93, 43.31, 270],
		[133, "U4_1", 2150, -970.02, "T", "DIP", "3.3V", "", "C", 62, 62, 37.2, 0],
		[134, "U4_1", 2150, -970.02, "B", "DIP", "3.3V", "", "C", 62, 62, 37.2, 0],
		[135, "U4_2", 2150, -1070, "T", "DIP", "3.3V", "", "C", 62, 62, 37.2, 0],
		[136, "U4_2", 2150, -1070, "B", "DIP", "3.3V", "", "C", 62, 62, 37.2, 0],
		[137, "U4_3", 2150, -1170, "T", "DIP", "U4_3", "", "C", 62, 62, 37.2, 0],
		[138, "U4_3", 2150, -1170, "B", "DIP", "U4_3", "", "C", 62, 62, 37.2, 0],
		[139, "U4_4", 2150, -1270, "T", "DIP", "U4_4", "", "C", 62, 62, 37.2, 0],
		[140, "U4_4", 2150, -1270, "B", "DIP", "U4_4", "", "C", 62, 62, 37.2, 0],
		[141, "U4_5", 2150, -1370, "T", "DIP", "TX3", "", "C", 62, 62, 37.2, 0],
		[142, "U4_5", 2150, -1370, "B", "DIP", "TX3", "", "C", 62, 62, 37.2, 0],
		[143, "U4_6", 2150, -1470, "T", "DIP", "PPS", "", "C", 62, 62, 37.2, 0],
		[144, "U4_6", 2150, -1470, "B", "DIP", "PPS", "", "C", 62, 62, 37.2, 0],
		[145, "U4_7", 2150, -1570, "T", "DIP", "SEVRO1", "", "C", 62, 62, 37.2, 0],
		[146, "U4_7", 2150, -1570, "B", "DIP", "SEVRO1", "", "C", 62, 62, 37.2, 0],
		[147, "U4_8", 2150, -1670, "T", "DIP", "U4_8", "", "C", 62, 62, 37.2, 0],
		[148, "U4_8", 2150, -1670, "B", "DIP", "U4_8", "", "C", 62, 62, 37.2, 0],
		[149, "U4_9", 2150, -1770, "T", "DIP", "SEVRO4", "", "C", 62, 62, 37.2, 0],
		[150, "U4_9", 2150, -1770, "B", "DIP", "SEVRO4", "", "C", 62, 62, 37.2, 0],
		[151, "U4_10", 2150, -1870, "T", "DIP", "U4_10", "", "C", 62, 62, 37.2, 0],
		[152, "U4_10", 2150, -1870, "B", "DIP", "U4_10", "", "C", 62, 62, 37.2, 0],
		[153, "U4_11", 2150, -1970, "T", "DIP", "U4_11", "", "C", 62, 62, 37.2, 0],
		[154, "U4_11", 2150, -1970, "B", "DIP", "U4_11", "", "C", 62, 62, 37.2, 0],
		[155, "U4_12", 2150, -2070, "T", "DIP", "U4_12", "", "C", 62, 62, 37.2, 0],
		[156, "U4_12", 2150, -2070, "B", "DIP", "U4_12", "", "C", 62, 62, 37.2, 0],
		[157, "U4_13", 2150, -2170, "T", "DIP", "U4_13", "", "C", 62, 62, 37.2, 0],
		[158, "U4_13", 2150, -2170, "B", "DIP", "U4_13", "", "C", 62, 62, 37.2, 0],
		[159, "U4_14", 2150, -2270, "T", "DIP", "U4_14", "", "C", 62, 62, 37.2, 0],
		[160, "U4_14", 2150, -2270, "B", "DIP", "U4_14", "", "C", 62, 62, 37.2, 0],
		[161, "U4_15", 2150, -2370, "T", "DIP", "U4_15", "", "C", 62, 62, 37.2, 0],
		[162, "U4_15", 2150, -2370, "B", "DIP", "U4_15", "", "C", 62, 62, 37.2, 0],
		[163, "U4_16", 2150, -2470, "T", "DIP", "U4_16", "", "C", 62, 62, 37.2, 0],
		[164, "U4_16", 2150, -2470, "B", "DIP", "U4_16", "", "C", 62, 62, 37.2, 0],
		[165, "U4_17", 2150, -2570, "T", "DIP", "U4_17", "", "C", 62, 62, 37.2, 0],
		[166, "U4_17", 2150, -2570, "B", "DIP", "U4_17", "", "C", 62, 62, 37.2, 0],
		[167, "U4_18", 2150, -2670, "T", "DIP", "U4_18", "", "C", 62, 62, 37.2, 0],
		[168, "U4_18", 2150, -2670, "B", "DIP", "U4_18", "", "C", 62, 62, 37.2, 0],
		[169, "U4_19", 2150, -2770, "T", "DIP", "U4_19", "", "C", 62, 62, 37.2, 0],
		[170, "U4_19", 2150, -2770, "B", "DIP", "U4_19", "", "C", 62, 62, 37.2, 0],
		[171, "U4_20", 2150, -2870, "T", "DIP", "U4_20", "", "C", 62, 62, 37.2, 0],
		[172, "U4_20", 2150, -2870, "B", "DIP", "U4_20", "", "C", 62, 62, 37.2, 0],
		[173, "U4_21", 2150, -2970, "T", "DIP", "U4_21", "", "C", 62, 62, 37.2, 0],
		[174, "U4_21", 2150, -2970, "B", "DIP", "U4_21", "", "C", 62, 62, 37.2, 0],
		[175, "U4_22", 2150, -3070, "T", "DIP", "U4_22", "", "C", 62, 62, 37.2, 0],
		[176, "U4_22", 2150, -3070, "B", "DIP", "U4_22", "", "C", 62, 62, 37.2, 0],
		[177, "U4_23", 2150, -3170, "T", "DIP", "U4_23", "", "C", 62, 62, 37.2, 0],
		[178, "U4_23", 2150, -3170, "B", "DIP", "U4_23", "", "C", 62, 62, 37.2, 0],
		[179, "U4_24", 2150, -3270, "T", "DIP", "U4_24", "", "C", 62, 62, 37.2, 0],
		[180, "U4_24", 2150, -3270, "B", "DIP", "U4_24", "", "C", 62, 62, 37.2, 0],
		[181, "U4_25", 2150, -3370, "T", "DIP", "U4_25", "", "C", 62, 62, 37.2, 0],
		[182, "U4_25", 2150, -3370, "B", "DIP", "U4_25", "", "C", 62, 62, 37.2, 0],
		[183, "U4_26", 2250, -970.02, "T", "DIP", "GND", "GND", "C", 62, 62, 37.2, 0],
		[184, "U4_26", 2250, -970.02, "B", "DIP", "GND", "GND", "C", 62, 62, 37.2, 0],
		[185, "U4_27", 2250, -1070, "T", "DIP", "U4_27", "", "C", 62, 62, 37.2, 0],
		[186, "U4_27", 2250, -1070, "B", "DIP", "U4_27", "", "C", 62, 62, 37.2, 0],
		[187, "U4_28", 2250, -1170, "T", "DIP", "U4_28", "", "C", 62, 62, 37.2, 0],
		[188, "U4_28", 2250, -1170, "B", "DIP", "U4_28", "", "C", 62, 62, 37.2, 0],
		[189, "U4_29", 2250, -1270, "T", "DIP", "RX3", "", "C", 62, 62, 37.2, 0],
		[190, "U4_29", 2250, -1270, "B", "DIP", "RX3", "", "C", 62, 62, 37.2, 0],
		[191, "U4_30", 2250, -1370, "T", "DIP", "U4_30", "", "C", 62, 62, 37.2, 0],
		[192, "U4_30", 2250, -1370, "B", "DIP", "U4_30", "", "C", 62, 62, 37.2, 0],
		[193, "U4_31", 2250, -1470, "T", "DIP", "U4_31", "", "C", 62, 62, 37.2, 0],
		[194, "U4_31", 2250, -1470, "B", "DIP", "U4_31", "", "C", 62, 62, 37.2, 0],
		[195, "U4_32", 2250, -1570, "T", "DIP", "SEVRO2", "", "C", 62, 62, 37.2, 0],
		[196, "U4_32", 2250, -1570, "B", "DIP", "SEVRO2", "", "C", 62, 62, 37.2, 0],
		[197, "U4_33", 2250, -1670, "T", "DIP", "U4_33", "", "C", 62, 62, 37.2, 0],
		[198, "U4_33", 2250, -1670, "B", "DIP", "U4_33", "", "C", 62, 62, 37.2, 0],
		[199, "U4_34", 2250, -1770, "T", "DIP", "DQ", "", "C", 62, 62, 37.2, 0],
		[200, "U4_34", 2250, -1770, "B", "DIP", "DQ", "", "C", 62, 62, 37.2, 0],
		[201, "U4_35", 2250, -1869.99, "T", "DIP", "U4_35", "", "C", 62, 62, 37.2, 0],
		[202, "U4_35", 2250, -1869.99, "B", "DIP", "U4_35", "", "C", 62, 62, 37.2, 0],
		[203, "U4_36", 2250, -1969.99, "T", "DIP", "U4_36", "", "C", 62, 62, 37.2, 0],
		[204, "U4_36", 2250, -1969.99, "B", "DIP", "U4_36", "", "C", 62, 62, 37.2, 0],
		[205, "U4_37", 2250, -2069.99, "T", "DIP", "U4_37", "", "C", 62, 62, 37.2, 0],
		[206, "U4_37", 2250, -2069.99, "B", "DIP", "U4_37", "", "C", 62, 62, 37.2, 0],
		[207, "U4_38", 2250, -2170, "T", "DIP", "U4_38", "", "C", 62, 62, 37.2, 0],
		[208, "U4_38", 2250, -2170, "B", "DIP", "U4_38", "", "C", 62, 62, 37.2, 0],
		[209, "U4_39", 2250, -2270, "T", "DIP", "U4_39", "", "C", 62, 62, 37.2, 0],
		[210, "U4_39", 2250, -2270, "B", "DIP", "U4_39", "", "C", 62, 62, 37.2, 0],
		[211, "U4_40", 2250, -2370, "T", "DIP", "U4_40", "", "C", 62, 62, 37.2, 0],
		[212, "U4_40", 2250, -2370, "B", "DIP", "U4_40", "", "C", 62, 62, 37.2, 0],
		[213, "U4_41", 2250, -2470, "T", "DIP", "U4_41", "", "C", 62, 62, 37.2, 0],
		[214, "U4_41", 2250, -2470, "B", "DIP", "U4_41", "", "C", 62, 62, 37.2, 0],
		[215, "U4_42", 2250, -2570, "T", "DIP", "U4_42", "", "C", 62, 62, 37.2, 0],
		[216, "U4_42", 2250, -2570, "B", "DIP", "U4_42", "", "C", 62, 62, 37.2, 0],
		[217, "U4_43", 2250, -2670, "T", "DIP", "U4_43", "", "C", 62, 62, 37.2, 0],
		[218, "U4_43", 2250, -2670, "B", "DIP", "U4_43", "", "C", 62, 62, 37.2, 0],
		[219, "U4_44", 2250, -2770, "T", "DIP", "U4_44", "", "C", 62, 62, 37.2, 0],
		[220, "U4_44", 2250, -2770, "B", "DIP", "U4_44", "", "C", 62, 62, 37.2, 0],
		[221, "U4_45", 2250, -2870, "T", "DIP", "U4_45", "", "C", 62, 62, 37.2, 0],
		[222, "U4_45", 2250, -2870, "B", "DIP", "U4_45", "", "C", 62, 62, 37.2, 0],
		[223, "U4_46", 2250, -2970, "T", "DIP", "U4_46", "", "C", 62, 62, 37.2, 0],
		[224, "U4_46", 2250, -2970, "B", "DIP", "U4_46", "", "C", 62, 62, 37.2, 0],
		[225, "U4_47", 2250, -3070, "T", "DIP", "U4_47", "", "C", 62, 62, 37.2, 0],
		[226, "U4_47", 2250, -3070, "B", "DIP", "U4_47", "", "C", 62, 62, 37.2, 0],
		[227, "U4_48", 2250, -3170, "T", "DIP", "SCL", "", "C", 62, 62, 37.2, 0],
		[228, "U4_48", 2250, -3170, "B", "DIP", "SCL", "", "C", 62, 62, 37.2, 0],
		[229, "U4_49", 2250, -3270, "T", "DIP", "SDA", "", "C", 62, 62, 37.2, 0],
		[230, "U4_49", 2250, -3270, "B", "DIP", "SDA", "", "C", 62, 62, 37.2, 0],
		[231, "U4_50", 2250, -3370, "T", "DIP", "SEVRO3", "", "C", 62, 62, 37.2, 0],
		[232, "U4_50", 2250, -3370, "B", "DIP", "SEVRO3", "", "C", 62, 62, 37.2, 0],
		[233, "U4_51", 357.09, -970.02, "T", "DIP", "GND", "GND", "C", 62, 62, 37.2, 0],
		[234, "U4_51", 357.09, -970.02, "B", "DIP", "GND", "GND", "C", 62, 62, 37.2, 0],
		[235, "U4_52", 357.09, -1070, "T", "DIP", "GND", "GND", "C", 62, 62, 37.2, 0],
		[236, "U4_52", 357.09, -1070, "B", "DIP", "GND", "GND", "C", 62, 62, 37.2, 0],
		[237, "U4_53", 357.09, -1170, "T", "DIP", "U4_53", "", "C", 62, 62, 37.2, 0],
		[238, "U4_53", 357.09, -1170, "B", "DIP", "U4_53", "", "C", 62, 62, 37.2, 0],
		[239, "U4_54", 357.09, -1270, "T", "DIP", "U4_54", "", "C", 62, 62, 37.2, 0],
		[240, "U4_54", 357.09, -1270, "B", "DIP", "U4_54", "", "C", 62, 62, 37.2, 0],
		[241, "U4_55", 357.09, -1370, "T", "DIP", "U4_55", "", "C", 62, 62, 37.2, 0],
		[242, "U4_55", 357.09, -1370, "B", "DIP", "U4_55", "", "C", 62, 62, 37.2, 0],
		[243, "U4_56", 357.09, -1470, "T", "DIP", "U4_56", "", "C", 62, 62, 37.2, 0],
		[244, "U4_56", 357.09, -1470, "B", "DIP", "U4_56", "", "C", 62, 62, 37.2, 0],
		[245, "U4_57", 357.09, -1570, "T", "DIP", "U4_57", "", "C", 62, 62, 37.2, 0],
		[246, "U4_57", 357.09, -1570, "B", "DIP", "U4_57", "", "C", 62, 62, 37.2, 0],
		[247, "U4_58", 357.09, -1670, "T", "DIP", "U4_58", "", "C", 62, 62, 37.2, 0],
		[248, "U4_58", 357.09, -1670, "B", "DIP", "U4_58", "", "C", 62, 62, 37.2, 0],
		[249, "U4_59", 357.09, -1770, "T", "DIP", "U4_59", "", "C", 62, 62, 37.2, 0],
		[250, "U4_59", 357.09, -1770, "B", "DIP", "U4_59", "", "C", 62, 62, 37.2, 0],
		[251, "U4_60", 357.09, -1870, "T", "DIP", "U4_60", "", "C", 62, 62, 37.2, 0],
		[252, "U4_60", 357.09, -1870, "B", "DIP", "U4_60", "", "C", 62, 62, 37.2, 0],
		[253, "U4_61", 357.09, -1970, "T", "DIP", "RX2", "", "C", 62, 62, 37.2, 0],
		[254, "U4_61", 357.09, -1970, "B", "DIP", "RX2", "", "C", 62, 62, 37.2, 0],
		[255, "U4_62", 357.09, -2070, "T", "DIP", "U4_62", "", "C", 62, 62, 37.2, 0],
		[256, "U4_62", 357.09, -2070, "B", "DIP", "U4_62", "", "C", 62, 62, 37.2, 0],
		[257, "U4_63", 357.09, -2170, "T", "DIP", "U4_63", "", "C", 62, 62, 37.2, 0],
		[258, "U4_63", 357.09, -2170, "B", "DIP", "U4_63", "", "C", 62, 62, 37.2, 0],
		[259, "U4_64", 357.09, -2370, "T", "DIP", "U4_64", "", "C", 62, 62, 37.2, 0],
		[260, "U4_64", 357.09, -2370, "B", "DIP", "U4_64", "", "C", 62, 62, 37.2, 0],
		[261, "U4_65", 357.09, -2270, "T", "DIP", "U4_65", "", "C", 62, 62, 37.2, 0],
		[262, "U4_65", 357.09, -2270, "B", "DIP", "U4_65", "", "C", 62, 62, 37.2, 0],
		[263, "U4_66", 357.09, -2470, "T", "DIP", "U4_66", "", "C", 62, 62, 37.2, 0],
		[264, "U4_66", 357.09, -2470, "B", "DIP", "U4_66", "", "C", 62, 62, 37.2, 0],
		[265, "U4_67", 357.09, -2570, "T", "DIP", "U4_67", "", "C", 62, 62, 37.2, 0],
		[266, "U4_67", 357.09, -2570, "B", "DIP", "U4_67", "", "C", 62, 62, 37.2, 0],
		[267, "U4_68", 357.09, -2670, "T", "DIP", "MISO", "", "C", 62, 62, 37.2, 0],
		[268, "U4_68", 357.09, -2670, "B", "DIP", "MISO", "", "C", 62, 62, 37.2, 0],
		[269, "U4_69", 357.09, -2770, "T", "DIP", "RX5", "", "C", 62, 62, 37.2, 0],
		[270, "U4_69", 357.09, -2770, "B", "DIP", "RX5", "", "C", 62, 62, 37.2, 0],
		[271, "U4_70", 357.09, -2870, "T", "DIP", "TX4", "", "C", 62, 62, 37.2, 0],
		[272, "U4_70", 357.09, -2870, "B", "DIP", "TX4", "", "C", 62, 62, 37.2, 0],
		[273, "U4_71", 357.09, -2970, "T", "DIP", "MOSI", "", "C", 62, 62, 37.2, 0],
		[274, "U4_71", 357.09, -2970, "B", "DIP", "MOSI", "", "C", 62, 62, 37.2, 0],
		[275, "U4_72", 357.09, -3070, "T", "DIP", "U4_72", "", "C", 62, 62, 37.2, 0],
		[276, "U4_72", 357.09, -3070, "B", "DIP", "U4_72", "", "C", 62, 62, 37.2, 0],
		[277, "U4_73", 357.09, -3170, "T", "DIP", "DRDY", "", "C", 62, 62, 37.2, 0],
		[278, "U4_73", 357.09, -3170, "B", "DIP", "DRDY", "", "C", 62, 62, 37.2, 0],
		[279, "U4_74", 357.09, -3270, "T", "DIP", "U4_74", "", "C", 62, 62, 37.2, 0],
		[280, "U4_74", 357.09, -3270, "B", "DIP", "U4_74", "", "C", 62, 62, 37.2, 0],
		[281, "U4_75", 357.09, -3370, "T", "DIP", "U4_75", "", "C", 62, 62, 37.2, 0],
		[282, "U4_75", 357.09, -3370, "B", "DIP", "U4_75", "", "C", 62, 62, 37.2, 0],
		[283, "U4_76", 457.09, -970.02, "T", "DIP", "5V", "", "C", 62, 62, 37.2, 0],
		[284, "U4_76", 457.09, -970.02, "B", "DIP", "5V", "", "C", 62, 62, 37.2, 0],
		[285, "U4_77", 457.09, -1070, "T", "DIP", "5V", "", "C", 62, 62, 37.2, 0],
		[286, "U4_77", 457.09, -1070, "B", "DIP", "5V", "", "C", 62, 62, 37.2, 0],
		[287, "U4_78", 457.09, -1170, "T", "DIP", "U4_78", "", "C", 62, 62, 37.2, 0],
		[288, "U4_78", 457.09, -1170, "B", "DIP", "U4_78", "", "C", 62, 62, 37.2, 0],
		[289, "U4_79", 457.09, -1270, "T", "DIP", "U4_79", "", "C", 62, 62, 37.2, 0],
		[290, "U4_79", 457.09, -1270, "B", "DIP", "U4_79", "", "C", 62, 62, 37.2, 0],
		[291, "U4_80", 457.09, -1370, "T", "DIP", "U4_80", "", "C", 62, 62, 37.2, 0],
		[292, "U4_80", 457.09, -1370, "B", "DIP", "U4_80", "", "C", 62, 62, 37.2, 0],
		[293, "U4_81", 457.09, -1470, "T", "DIP", "U4_81", "", "C", 62, 62, 37.2, 0],
		[294, "U4_81", 457.09, -1470, "B", "DIP", "U4_81", "", "C", 62, 62, 37.2, 0],
		[295, "U4_82", 457.09, -1570, "T", "DIP", "U4_82", "", "C", 62, 62, 37.2, 0],
		[296, "U4_82", 457.09, -1570, "B", "DIP", "U4_82", "", "C", 62, 62, 37.2, 0],
		[297, "U4_83", 457.09, -1670, "T", "DIP", "U4_83", "", "C", 62, 62, 37.2, 0],
		[298, "U4_83", 457.09, -1670, "B", "DIP", "U4_83", "", "C", 62, 62, 37.2, 0],
		[299, "U4_84", 457.09, -1770, "T", "DIP", "U4_84", "", "C", 62, 62, 37.2, 0],
		[300, "U4_84", 457.09, -1770, "B", "DIP", "U4_84", "", "C", 62, 62, 37.2, 0],
		[301, "U4_85", 457.09, -1870, "T", "DIP", "U4_85", "", "C", 62, 62, 37.2, 0],
		[302, "U4_85", 457.09, -1870, "B", "DIP", "U4_85", "", "C", 62, 62, 37.2, 0],
		[303, "U4_86", 457.09, -1970, "T", "DIP", "U4_86", "", "C", 62, 62, 37.2, 0],
		[304, "U4_86", 457.09, -1970, "B", "DIP", "U4_86", "", "C", 62, 62, 37.2, 0],
		[305, "U4_87", 457.09, -2070, "T", "DIP", "TX2", "", "C", 62, 62, 37.2, 0],
		[306, "U4_87", 457.09, -2070, "B", "DIP", "TX2", "", "C", 62, 62, 37.2, 0],
		[307, "U4_88", 457.09, -2170, "T", "DIP", "U4_88", "", "C", 62, 62, 37.2, 0],
		[308, "U4_88", 457.09, -2170, "B", "DIP", "U4_88", "", "C", 62, 62, 37.2, 0],
		[309, "U4_89", 457.09, -2270, "T", "DIP", "U4_89", "", "C", 62, 62, 37.2, 0],
		[310, "U4_89", 457.09, -2270, "B", "DIP", "U4_89", "", "C", 62, 62, 37.2, 0],
		[311, "U4_90", 457.09, -2370, "T", "DIP", "U4_90", "", "C", 62, 62, 37.2, 0],
		[312, "U4_90", 457.09, -2370, "B", "DIP", "U4_90", "", "C", 62, 62, 37.2, 0],
		[313, "U4_91", 457.09, -2470, "T", "DIP", "U4_91", "", "C", 62, 62, 37.2, 0],
		[314, "U4_91", 457.09, -2470, "B", "DIP", "U4_91", "", "C", 62, 62, 37.2, 0],
		[315, "U4_92", 457.09, -2570, "T", "DIP", "U4_92", "", "C", 62, 62, 37.2, 0],
		[316, "U4_92", 457.09, -2570, "B", "DIP", "U4_92", "", "C", 62, 62, 37.2, 0],
		[317, "U4_93", 457.09, -2670, "T", "DIP", "CS", "", "C", 62, 62, 37.2, 0],
		[318, "U4_93", 457.09, -2670, "B", "DIP", "CS", "", "C", 62, 62, 37.2, 0],
		[319, "U4_94", 457.09, -2770, "T", "DIP", "TX5", "", "C", 62, 62, 37.2, 0],
		[320, "U4_94", 457.09, -2770, "B", "DIP", "TX5", "", "C", 62, 62, 37.2, 0],
		[321, "U4_95", 457.09, -2870, "T", "DIP", "RX4", "", "C", 62, 62, 37.2, 0],
		[322, "U4_95", 457.09, -2870, "B", "DIP", "RX4", "", "C", 62, 62, 37.2, 0],
		[323, "U4_96", 457.09, -2970, "T", "DIP", "SCLK", "", "C", 62, 62, 37.2, 0],
		[324, "U4_96", 457.09, -2970, "B", "DIP", "SCLK", "", "C", 62, 62, 37.2, 0],
		[325, "U4_97", 457.09, -3070, "T", "DIP", "U4_97", "", "C", 62, 62, 37.2, 0],
		[326, "U4_97", 457.09, -3070, "B", "DIP", "U4_97", "", "C", 62, 62, 37.2, 0],
		[327, "U4_98", 457.09, -3170, "T", "DIP", "U4_98", "", "C", 62, 62, 37.2, 0],
		[328, "U4_98", 457.09, -3170, "B", "DIP", "U4_98", "", "C", 62, 62, 37.2, 0],
		[329, "U4_99", 457.09, -3270, "T", "DIP", "U4_99", "", "C", 62, 62, 37.2, 0],
		[330, "U4_99", 457.09, -3270, "B", "DIP", "U4_99", "", "C", 62, 62, 37.2, 0],
		[331, "U4_100", 457.09, -3370, "T", "DIP", "U4_100", "", "C", 62, 62, 37.2, 0],
		[332, "U4_100", 457.09, -3370, "B", "DIP", "U4_100", "", "C", 62, 62, 37.2, 0],
		[333, "U18_1", 863.88, -1862.79, "T", "SMD", "5V", "", "R", 170, 75, 0, 90],
		[334, "U18_2", 962.3, -1862.79, "T", "SMD", "5V", "", "R", 170, 75, 0, 90],
		[335, "U18_3", 1257.58, -1862.79, "T", "SMD", "GND", "GND", "R", 170, 75, 0, 90],
		[336, "U18_4", 1356, -1862.79, "T", "SMD", "GND", "GND", "R", 170, 75, 0, 90],
		[337, "U18_5", 863.88, -1087.2, "T", "SMD", "12V", "", "R", 170, 75, 0, 90],
		[338, "U18_6", 962.3, -1087.2, "T", "SMD", "12V", "", "R", 170, 75, 0, 90],
		[339, "U18_7", 1257.58, -1087.21, "T", "SMD", "GND", "GND", "R", 170, 75, 0, 90],
		[340, "U18_8", 1356, -1087.21, "T", "SMD", "GND", "GND", "R", 170, 75, 0, 90],
		[341, "USB_1", 2151.64, -597.79, "T", "DIP", "5V", "", "C", 62.99, 62.99, 39.37, 90],
		[342, "USB_1", 2151.64, -597.79, "B", "DIP", "5V", "", "C", 62.99, 62.99, 39.37, 90],
		[343, "USB_2", 2151.64, -499.37, "T", "DIP", "USB_2", "", "C", 62.99, 62.99, 39.37, 90],
		[344, "USB_2", 2151.64, -499.37, "B", "DIP", "USB_2", "", "C", 62.99, 62.99, 39.37, 90],
		[345, "USB_3", 2151.64, -420.63, "T", "DIP", "USB_3", "", "C", 62.99, 62.99, 39.37, 90],
		[346, "USB_3", 2151.64, -420.63, "B", "DIP", "USB_3", "", "C", 62.99, 62.99, 39.37, 90],
		[347, "USB_4", 2151.64, -322.2, "T", "DIP", "GND", "GND", "C", 62.99, 62.99, 39.37, 90],
		[348, "USB_4", 2151.64, -322.2, "B", "DIP", "GND", "GND", "C", 62.99, 62.99, 39.37, 90],
		[349, "USB_5", 2258.34, -718.66, "T", "DIP", "GND", "GND", "C", 129.92, 129.92, 98.43, 90],
		[350, "USB_5", 2258.34, -718.66, "B", "DIP", "GND", "GND", "C", 129.92, 129.92, 98.43, 90],
		[351, "USB_6", 2258.34, -201.34, "T", "DIP", "GND", "GND", "C", 129.92, 129.92, 98.43, 90],
		[352, "USB_6", 2258.34, -201.34, "B", "DIP", "GND", "GND", "C", 129.92, 129.92, 98.43, 90]
	]
}
}